"x,","y","astig_1","defocus","astig_2"
1,1,-10.7213839859904,-9.57156497257834,-1.84409695432263
2,1,-11.0871735915241,-9.12437956702739,-4.18246742178357
3,1,-12.1533591133921,-9.87904804411752,-3.38396638140374
4,1,-13.5253906889755,-10.1478035138378,-1.87823147339925
5,1,-15.6903169005328,-10.049996382454,-1.70916178244136
6,1,-13.3519655225755,-10.2044123672554,-1.1199191103053
7,1,-11.6275379159036,-10.0406525754236,1.2553089481716
8,1,-10.6291309235678,-9.41120104498327,2.65070734162763
9,1,-10.3727662537222,-8.51096556743183,3.79622684116239
10,1,-8.22020764063087,-7.62013770506762,6.33398248128276
11,1,-7.97024573136211,-7.025358579612,7.08296147001304
12,1,-6.15973604817233,-5.86314517575405,6.82837361004457
13,1,-5.56591821902779,-5.38053954695533,8.28097814119157
14,1,-1.48580628219149,-7.27673599444321,6.98974268836607
15,1,-4.56307037689617,-5.24979030691603,7.61210588853257
16,1,-3.87772861718927,-5.96726316103959,7.22971650217118
17,1,-2.88836854157226,-5.68210724210739,7.85668110958163
18,1,-2.33071936522155,-5.77599674921101,6.76781406389739
19,1,1.05075596603787,-7.0270367802873,5.69135886592916
20,1,4.35842744141238,-8.72224735647356,7.01784386136369
21,1,0.352965462017627,-8.5244664271556,4.20807792440314
22,1,6.10629521699669,-11.7251419923978,4.38298388302925
23,1,3.96385624555605,-9.00567051811741,5.22785874167814
24,1,3.47799318469231,-10.2288407007332,3.53222536034371
25,1,9.54948662735054,-12.3762288161212,2.74994123049608
26,1,4.49803740540306,-10.1208941402187,1.57273109387428
27,1,4.76718893720237,-10.1374899176264,1.17264819655515
28,1,5.32520169504147,-10.0237473010889,4.57355536789583
29,1,3.47162519543649,-9.83616777659795,4.30660629995366
30,1,6.41370376142554,-9.96394301390855,3.01617142505723
31,1,7.95145386970413,-9.06026022614431,4.23992223772887
32,1,4.12088990042893,-9.31084655498994,2.58070867635356
33,1,10.0009756953127,-5.85102064001171,-1.63643519074428
1,2,-11.7292419714643,-10.1325750269346,-0.844336747151838
2,2,-13.3544003782173,-10.4902083975034,-0.951009505978161
3,2,-12.6767305800242,-10.7740245896953,-1.48764689699371
4,2,-12.645084733466,-10.7222542352074,-0.681925012281751
5,2,-13.2214996209485,-10.9388930486901,-0.47440095410287
6,2,-12.0275404245545,-10.4340032941447,-1.51974037372236
7,2,-9.71942110210565,-10.3568631184921,0.390307876431035
8,2,-9.79434817884795,-9.02697250263012,1.06415506859706
9,2,-6.84429225058553,-8.27755904847026,2.24082395220899
10,2,-6.11401682668741,-7.54255535758468,4.92848982007402
11,2,-2.96967840170586,-8.01730318872408,3.84208402293834
12,2,-4.75716844224594,-5.81419583645446,4.66815573356754
13,2,-3.0189332127272,-4.83442634509865,5.5564518498199
14,2,0.830889392041377,-6.21108014241937,5.9076810070716
15,2,-2.73081896346643,-4.53994712013182,4.81588445920209
16,2,-2.23348669753073,-4.54719282934059,3.53355540304977
17,2,-4.54279993759255,-5.9732853716848,7.08614675495204
18,2,-1.51275173697556,-4.38355245772696,4.03472514085651
19,2,1.3887132256154,-5.196962682158,3.21557098891974
20,2,0.230077935546586,-6.22790298070549,3.83134121889124
21,2,2.4848065225374,-6.30669420265637,3.03709808658467
22,2,3.15676174826235,-7.33762456237019,4.44364960120328
23,2,3.97159348192593,-8.13706541382941,4.34645735569995
24,2,5.80510910751357,-9.07777544908859,4.73710990464784
25,2,5.7083860140688,-8.60535070741925,5.15315827966714
26,2,5.3698603843482,-9.32495800140458,2.72374309514446
27,2,7.23417591813338,-9.48076675378571,2.84896610531385
28,2,6.56000699273141,-9.8740009064884,4.33738339901926
29,2,4.50714537825444,-10.1719178088011,3.45647023904997
30,2,8.10772569453555,-10.6693265058951,2.89671699717338
31,2,8.00698513085381,-9.95168453645353,3.29212450719432
32,2,5.36472450884766,-10.0127035569218,1.28561024679204
33,2,10.5011975840371,-7.17621428443399,-0.686298310488426
1,3,-11.9954063835436,-10.9670503510047,-0.0803592323815624
2,3,-13.6086321776471,-11.0509370706441,-0.0625070956819853
3,3,-12.9352003411108,-10.9804761861058,-0.426392410449091
4,3,-13.4467439256802,-9.79974377930859,0.13159936276033
5,3,-12.8521488408577,-9.98993281965391,0.120668099488224
6,3,-11.5444307377729,-9.50308947664074,2.51450136884929
7,3,-8.47899515786321,-9.9683770351337,1.35451320024614
8,3,-7.68972124644946,-9.14466691447547,1.66979650848254
9,3,-5.70549599662901,-8.62428031140727,2.92150191626015
10,3,-5.94328954406155,-6.71010449074757,2.5802442343104
11,3,-2.16262773466501,-7.81616939183865,2.42815061183404
12,3,-0.606466622376276,-5.70461262300741,5.61943765465281
13,3,-1.68727273655371,-4.14444542876039,5.4609315777161
14,3,-2.02199906347353,-4.40546955236688,4.830247856175
15,3,-1.67654704659504,-4.47546491318483,4.88065164101727
16,3,-1.52201806183202,-4.40925167909489,4.45558193527509
17,3,-1.15133264879249,-5.01524964509729,4.81995588373316
18,3,-1.36911763799619,-4.26147832941602,3.98202945466488
19,3,-1.05399825834645,-5.41955146515444,3.23362291229653
20,3,2.88412819495682,-8.49243640685505,7.4782021493789
21,3,2.43135649442842,-8.80558503485213,6.99018752899208
22,3,5.72919834866737,-9.03668687914099,5.36319276451267
23,3,2.40345953197468,-7.37768337165761,3.69142438909661
24,3,7.16750842873924,-11.0094192673716,3.94299328578982
25,3,9.47829372837227,-10.3254939742262,4.18178366186648
26,3,4.00298257681599,-8.27890833485952,2.38085628382076
27,3,5.82061660902753,-8.4633726645956,3.42592441475851
28,3,6.56720583343282,-9.60257129830957,4.74752631928475
29,3,5.35984650673911,-9.98965333668419,4.24497180845789
30,3,7.95207035135437,-10.1933510938741,3.37477178696543
31,3,10.6759996471048,-8.73735131405972,2.6887989133189
32,3,5.60353552620171,-10.4634667034618,2.46541958911896
33,3,16.0775695863465,-5.53287760302311,-0.331010789431752
1,4,-12.1314911803779,-11.5364220216783,-2.33454721106201
2,4,-13.2617248137449,-11.1111262073295,-2.35876963278078
3,4,-11.5796605377603,-11.13027983724,-1.01937036166183
4,4,-10.8691988506797,-10.8959475669288,-0.302673083684528
5,4,-10.8111399904996,-10.4874734831955,-0.507915441659908
6,4,-8.71253622928867,-9.34912741826999,1.73405730052314
7,4,-6.75816019675185,-9.0807983489097,1.91381550998633
8,4,-6.02064769830548,-8.50599376552368,1.96188601844609
9,4,-3.54450078273073,-7.84535365753899,3.2993211985304
10,4,-3.67403085551088,-6.40650157179037,2.0134889110722
11,4,-3.11344018391646,-4.27507738630722,4.17868507687486
12,4,0.976558566824721,-5.37212091538347,4.8294723066124
13,4,-1.27745409806219,-3.69090271034042,4.7849687200452
14,4,-1.30128162554734,-3.82564764662613,4.69876126784182
15,4,-6.48395348197882,-6.25229820040046,6.34622187079819
16,4,-1.81954118877494,-3.98216320881807,5.20153019972897
17,4,-3.98222501867938,-5.84654502280258,7.11170771706859
18,4,-0.067354521666303,-7.49253901828836,7.05675877482313
19,4,3.32331420346999,-7.46960691361008,6.9593762295649
20,4,4.03020248678951,-8.05290217272832,6.80432480371062
21,4,2.85478041237039,-8.31881196507575,6.76262847411519
22,4,5.93026885388369,-8.93211307468576,6.41833038778127
23,4,6.39054334693927,-9.67523664718606,4.80182115163718
24,4,7.84271967821643,-10.4534169277587,3.75081103508518
25,4,10.2428397032841,-9.95236183972654,3.04244821727358
26,4,10.0987562233667,-9.83124337615329,2.76357072521018
27,4,12.1366842723041,-10.3152086852575,2.39312725054882
28,4,6.60874845486038,-10.1305650080598,4.13150789551656
29,4,6.8513838326915,-10.0880645387454,4.25508199852733
30,4,11.8292353270037,-10.0093595296354,2.21302679669648
31,4,9.52319298006853,-10.4009863595945,2.85832673483273
32,4,7.37150054693599,-10.0264613205928,2.33786223115958
33,4,15.4663247366342,-5.76058466993585,-2.61345946897424
1,5,-12.0876664047974,-10.6721588690985,-0.151033654431408
2,5,-12.2028239043541,-11.2273229953569,-1.57413705661944
3,5,-10.8302573723651,-9.94032545026146,-1.65864658151984
4,5,-11.1730870406772,-9.97292170251965,-1.9881869863624
5,5,-11.6884874844507,-9.39241015286154,-2.94484431964343
6,5,-8.98038304380517,-7.97265545544882,-0.0393092617097748
7,5,-6.76488538424569,-7.65403939341339,0.816818997102671
8,5,-6.498864387178,-6.71521103899721,1.36571470313065
9,5,-3.36678295198989,-6.49745362850915,1.13375007890046
10,5,-9.04486176351956,-7.88435489132056,2.20939427722695
11,5,-7.00219500314581,-6.72252928261434,5.2019844159583
12,5,-0.214929219145671,-5.18431348311932,4.25516214033939
13,5,-1.08323695193024,-4.00288516956722,3.77199282004746
14,5,-3.77302493878079,-5.11617089595525,4.50540276835847
15,5,-5.64457050435229,-6.1427783052971,5.8301789586223
16,5,-1.7062861343544,-3.97142979380695,4.251039866363
17,5,-4.20850734409135,-5.59459319719859,5.98025875000959
18,5,-1.20402490956793,-4.02540700765222,3.93456393760327
19,5,-0.111068736753145,-4.15094963462167,3.4209083364525
20,5,1.35393442746911,-4.39801594547931,2.22102821219783
21,5,-1.04268562752814,-5.92912551523833,3.61903004064592
22,5,0.359259359801493,-6.25579474948234,2.49575894766066
23,5,1.89343834445014,-6.69993413027684,2.84979963378963
24,5,4.54142996887136,-6.87542762335371,3.31848773197378
25,5,4.41043407422915,-6.99827001577856,3.07252318533343
26,5,3.38237469057152,-7.64234165093849,0.743575662112178
27,5,5.45064390033192,-8.17425773930813,1.40588748792224
28,5,8.01745275632577,-9.42827733241699,2.84992004433507
29,5,5.745477398567,-10.046454421419,2.8552514357199
30,5,7.15043280714083,-10.9618927755776,0.397359541373446
31,5,8.21799197202713,-11.5105776026722,-0.456409163150349
32,5,6.17923556349932,-11.2192511122331,-1.50354046162158
33,5,11.0538256232397,-7.59678181583194,-4.87652690587617
1,6,-11.0059746635249,-11.04326611462,-0.304420075796643
2,6,-11.3326141216436,-11.2044248756814,0.351483350922207
3,6,-10.8279113134308,-10.2789871056976,0.552172574021499
4,6,-11.1930646651137,-10.3153056288969,-2.25012355869705
5,6,-10.2628643723016,-9.48172958482609,-0.501401048425787
6,6,-7.21702047237189,-8.74599415910865,2.52272129183585
7,6,-12.2139386916534,-10.3841557421359,3.02193236172458
8,6,-9.09523576450734,-9.78712546171013,3.42762429517442
9,6,-9.42936004565261,-7.64489067277919,4.43550768424577
10,6,-8.92191120402205,-7.39170968819672,2.84262226664867
11,6,-7.48231558065948,-6.37341611147829,5.25855272088997
12,6,-6.99943241547805,-6.11047210063518,4.29714191290719
13,6,-6.14049230551397,-6.14164193226408,4.13447278540969
14,6,-3.73437025262514,-4.55337623500453,3.46833802720852
15,6,-5.86098521903235,-5.4109969789133,4.70523210854768
16,6,-1.46367974330619,-3.91553893537931,4.94551396878708
17,6,-2.88764432772072,-5.28001027787679,5.16870463478531
18,6,-1.08168100944163,-3.6917450935779,3.56095590784333
19,6,0.21178849927898,-4.25235399078425,3.78296728234966
20,6,0.948007971173119,-3.92474662703765,1.97052812271547
21,6,3.12041306838648,-5.86288025691283,3.98111605419267
22,6,-0.890414217609706,-5.40067574607406,1.90783414289753
23,6,0.0226948762766801,-5.80400387569439,1.9620591297461
24,6,3.02983384588691,-5.38495818100443,3.51014418790409
25,6,2.04510611449991,-5.94308434664553,1.76220031367345
26,6,2.00612958157723,-6.35105774936945,3.04002204013772
27,6,3.31969352808759,-6.98266050537277,0.809265573029095
28,6,5.67425159020805,-8.45695923804828,2.04623128949208
29,6,4.92840776332852,-9.45750864975813,1.47524293476723
30,6,8.27174760678434,-9.79774858012907,1.81780025687478
31,6,7.81588167455539,-10.7889920747784,-0.0486328614217984
32,6,6.10616391281014,-11.6278087285847,-0.120533765974504
33,6,7.07362264834271,-10.697490815225,0.163982497812873
1,7,-12.4190483065981,-10.5823503399612,-0.752266719799036
2,7,-11.4380201271896,-10.7661487377382,-0.454034387884399
3,7,-9.25988612246597,-9.85514370188086,-1.7160080238741
4,7,-8.81138786735437,-10.2667520426532,-2.70182606831508
5,7,-7.98647893122812,-9.83144337015721,-4.39228777535754
6,7,-5.56674909557438,-7.85140704542534,0.0697952013948114
7,7,-4.29288675029123,-6.6546513832033,-0.20284126640863
8,7,-3.07547961478835,-4.64260237670069,2.35437359258189
9,7,-7.5577584260772,-6.83055060912125,4.75470823171469
10,7,-5.15704252214785,-5.5206711213846,2.70182616928057
11,7,-7.19127305060436,-6.10881339992311,4.65206475071193
12,7,-3.59302933232429,-5.20096181291589,4.16539512065298
13,7,-1.50694474237296,-3.55335846256458,2.90171391014211
14,7,-1.93351415242692,-3.26244898519409,2.14055652224776
15,7,-5.40936065185512,-4.33750225830248,2.33243239001785
16,7,-0.168321961576665,-2.4362210888142,2.1906386412221
17,7,-1.83678362746623,-3.67166306603068,1.83571671664821
18,7,1.56006684646378,-4.21849239548393,3.38426452958613
19,7,3.54079551883802,-4.8030275392883,5.03646177532293
20,7,4.13811852092649,-4.84904077108517,3.1529919294244
21,7,2.46965297152869,-5.01360704256454,4.31480670917848
22,7,0.491999159068854,-3.94384168616869,3.61588032861569
23,7,0.355928381463111,-4.53136490485115,2.1520863807634
24,7,4.79395298672612,-5.50861154675343,3.66618619532104
25,7,3.27434912157406,-5.7816556325774,4.19143741417734
26,7,-0.538939152379144,-5.26374349560325,2.10030810380902
27,7,-1.64018677166307,-7.25762935099977,0.178611477203016
28,7,3.73193101657385,-7.16805288087973,1.06708346231312
29,7,0.174975590928901,-10.1315589255019,-1.37224799841504
30,7,2.83045351990844,-10.8520201719521,-2.22212615390894
31,7,3.41269902136677,-12.1005498908287,-3.68952635226438
32,7,7.78995475082694,-9.83267298615868,-2.1360163661691
33,7,10.8005458730183,-8.87100617372832,-1.45619431660653
1,8,-12.8668678812248,-10.3234496520436,-1.10583093699636
2,8,-11.6624968499986,-9.90168508336,-0.533608038673916
3,8,-9.29344528396843,-8.41908510713139,0.120114039874065
4,8,-8.8786072065614,-8.3364145313639,-1.31945128908962
5,8,-7.56508853874671,-8.59393289816021,-3.8714962558961
6,8,-3.95826703723744,-6.5260306729457,-1.9070040792418
7,8,-2.7061888943094,-6.0085443220534,-1.19641820276863
8,8,-3.31126185376289,-3.66250941269855,-0.0379718430899759
9,8,-3.60400521253766,-5.45791434039673,3.39701191257761
10,8,-0.649669671203278,-3.38038849222515,1.4568726858925
11,8,-0.184298951166059,-3.13649889761752,0.855681042378777
12,8,-2.9276620864229,-5.31240733282964,0.272922386415877
13,8,1.0329845538023,-2.78731200026876,0.461721712832453
14,8,-0.236132737054389,-3.12941009006855,0.346515222158421
15,8,0.161467318930514,-3.66194167592567,-0.162029370121002
16,8,0.111566974857214,-2.52330210391998,-0.18496229232165
17,8,-1.0554997831545,-2.68900987205452,-0.443083053694035
18,8,-1.02685560909482,-2.64561673787906,0.0585240231612572
19,8,-0.303478684451826,-3.40083225001061,1.25364617101398
20,8,-0.363371224820553,-3.16104895334891,1.1440856522226
21,8,2.70697000631767,-4.66108571931537,1.96772873629778
22,8,-0.506876734013313,-3.30610567893801,1.9961225911114
23,8,0.245562058646793,-3.55219411770637,2.31682220939933
24,8,3.744834559075,-5.65195305823041,2.3393737847907
25,8,2.46986969190364,-6.18905989508587,3.16361288603579
26,8,4.23231333523754,-6.27673438582321,1.8593071723585
27,8,5.3177606466799,-6.54932629701566,1.59905714662552
28,8,1.80841566145919,-6.93625928225269,-0.600303648927345
29,8,2.74556205262573,-7.32137684999633,-1.55974353057624
30,8,5.42780263379958,-8.17993116958061,-3.71555765970023
31,8,2.45204908526189,-11.0779091235249,-4.93363701964535
32,8,7.30054182749945,-9.42417236057675,-4.7924207518963
33,8,8.79620900625852,-8.28412663040562,-3.65455505126337
1,9,-11.4842709436206,-9.764227867363,-3.78676281202541
2,9,-10.2653903011584,-8.83837314152514,-2.0318554270291
3,9,-8.74725097580723,-7.2237531705764,-1.04136277354301
4,9,-7.87992574267823,-7.26850244812203,-2.1937404903589
5,9,-5.71061863844407,-7.48053777113862,-3.50803262551883
6,9,-2.99186658305047,-5.83388082100227,-2.77877254953532
7,9,-4.96144450633613,-6.85650141582974,1.01679197928757
8,9,-1.55677088853586,-5.56350086064554,0.824765754197393
9,9,-2.3035789815631,-5.04532929562609,2.25576525048586
10,9,0.0893649441068662,-3.5722609746758,0.638869042475784
11,9,-0.887294369599707,-4.13668869594734,1.19123638813609
12,9,-1.94427912450878,-4.69367350468141,1.30340684181911
13,9,0.355481073041032,-3.15502407709192,1.24794140878473
14,9,0.830402320427381,-2.97943298553748,0.977661731372505
15,9,1.10915179491412,-2.60622655914187,-0.49953305787583
16,9,0.53928252403665,-2.10478172177674,-1.62963523561432
17,9,0.242144610011939,-2.54692814379584,-1.39627628419328
18,9,-0.937425476968151,-2.32577133488252,-0.580245541910513
19,9,-0.129415383370598,-2.5807901439022,0.0136948682046174
20,9,1.63423265528522,-3.6752959886912,0.152617076215322
21,9,1.17747512653197,-3.95211560182438,0.129377831937537
22,9,1.17926894085655,-4.11693336497124,-0.101704135995332
23,9,-0.754003572014547,-3.20255654204955,0.0698585814276401
24,9,1.42869885206843,-5.24300043684115,-0.59655320449138
25,9,1.99243426672691,-5.02754174598263,-0.341134137060601
26,9,-0.514934890139524,-3.88514351766076,-0.949041920805622
27,9,1.21551643606139,-3.94415915971149,-1.5076823306503
28,9,3.07063598385661,-5.32642141907867,-2.1139494066753
29,9,3.74185416542772,-5.95931602914081,-2.65559914762751
30,9,5.37469399302271,-6.85102588997539,-3.53592407684327
31,9,6.28537246766901,-7.65247539363897,-5.3813063411112
32,9,6.52831273723659,-8.47567492239468,-5.78848790040262
33,9,7.94701811289262,-8.53845688466227,-5.66125373323858
1,10,-10.1952407146216,-9.46175362073066,-2.5643160011656
2,10,-9.0894147237052,-9.26699731627265,-1.7996047162292
3,10,-6.37182608311493,-7.9136799491397,-1.78017467168828
4,10,-5.87055852368342,-7.81306523464375,-3.22743949952881
5,10,-3.69894689718534,-7.01771958753845,-2.9253301960678
6,10,-1.67237205597429,-6.07987339476725,-2.33272879368041
7,10,-0.188926851443376,-5.07944191656717,-0.38789123508544
8,10,0.237480203823771,-4.67244751889856,-1.20648959812925
9,10,0.28250598011031,-4.80856773318835,0.194351205098871
10,10,0.688872570478116,-3.93514165311497,0.979351306956684
11,10,-1.93972912178016,-4.73726841163317,2.31302342466496
12,10,-2.2316864338227,-4.66187689893246,1.71702953716384
13,10,0.368980867995006,-3.53971987999418,1.45806234076745
14,10,0.735182189477997,-3.50307541839268,1.79973841413404
15,10,1.24181536648795,-3.23898029724195,0.00565363397289807
16,10,-0.328387244167122,-2.02861971462477,-0.617156617405501
17,10,-1.70161052283075,-2.40658376538472,-0.558840307380166
18,10,-0.218418535292879,-3.32407736497112,0.158883998696415
19,10,-1.58436208886042,-2.72288872294621,-0.0866488117372109
20,10,-1.31063027756306,-2.39141041277898,0.218599507458469
21,10,1.73257419973282,-4.17115082295453,-0.442065163099674
22,10,-2.02842023257354,-2.74999130822279,-0.255328740547402
23,10,-1.51071375012087,-2.94802561798804,0.665665790922407
24,10,1.61010599269993,-4.70002536781517,-0.183385891926796
25,10,0.927422241855227,-5.36783248211113,0.00148582021089803
26,10,-1.48001037879533,-3.56495033113472,-0.847249455773136
27,10,0.245845121068873,-3.68075798475825,-1.3786844330608
28,10,3.33032065602393,-4.56987818222998,-1.61853990532291
29,10,4.56109285101634,-5.2502823461043,-3.26998789321632
30,10,4.9157722275406,-6.53312926635798,-4.21216143488138
31,10,5.69937259472754,-7.2018430599802,-5.7568375312505
32,10,5.91221972050744,-7.45135089540309,-7.12104559830266
33,10,7.48281346414783,-7.60269499146216,-6.7513555927829
1,11,-10.4410472249058,-8.54750804426798,-3.24376108643698
2,11,-7.69173254327081,-8.1398015138888,-1.99897313013291
3,11,-5.76298360774487,-6.42831403700549,-1.19827552047881
4,11,-5.28706740315253,-6.33591936413768,-3.70588444697162
5,11,-0.869869615226228,-5.62023388677971,-3.98686547581081
6,11,-0.0741907716143932,-4.33175696485642,-1.93086347229405
7,11,-4.57085398148203,-5.56097845048355,1.74583262046721
8,11,-3.79826388420671,-5.3289678117096,2.06711039526275
9,11,0.127653062842456,-4.36962207719238,0.152407778461602
10,11,0.348253139930079,-3.47760021875353,0.897805250099889
11,11,-2.62765748174185,-4.56852742580869,2.09291537090741
12,11,-3.0366168711626,-4.56236672130535,1.17644761615283
13,11,0.643639939554061,-2.05409321136411,-0.359066298372583
14,11,-0.583438888173872,-2.5100514201981,0.58798995739043
15,11,-0.652804750218015,-2.4728350584383,-0.401358245696168
16,11,-0.145646735066928,-2.07793178978763,-1.28304202916942
17,11,-1.20687250516912,-2.68891794010003,-1.40798634713491
18,11,-1.14897049052955,-3.14276329762908,-0.353710848315674
19,11,-0.927216344721405,-3.11512782043658,0.415348387942035
20,11,-0.869498000980373,-2.46613172688056,-0.0780697251996808
21,11,0.309627059763319,-3.71672230220687,0.0288677303154361
22,11,-1.73888470989856,-2.78131469285769,0.046766118431287
23,11,-1.72788172091155,-2.99173348274581,0.608996039377749
24,11,0.0170600799821315,-4.88075659595988,-0.145393404726155
25,11,0.127535723833808,-4.91794795509405,0.0801002984397522
26,11,-2.14751862202787,-3.65094983440192,-0.511865198047099
27,11,1.41744604273746,-5.42925913876034,-1.55197621193012
28,11,1.93396756740359,-4.23383832718682,-1.5006905979186
29,11,3.58786096647611,-4.93979779024118,-4.14736111246731
30,11,3.54768500067054,-6.18029832616483,-5.21712046916728
31,11,5.11113177919313,-6.943758163595,-7.01061590364031
32,11,5.60787389892232,-7.23177555127039,-8.74640108002704
33,11,7.61595924651429,-7.41959092813671,-9.3977442101175
1,12,-7.80103497344619,-7.40781422141166,-6.10991186074894
2,12,-4.58201746662878,-6.25414396886834,-5.67433424327593
3,12,-3.63279999432056,-5.19781661530131,-4.44372687956296
4,12,-3.36938914824187,-5.57269265957376,-4.79373302839274
5,12,-1.46375597027183,-5.4945629112997,-4.85628972938527
6,12,-1.38719133476349,-4.47029065382007,-2.97734429793861
7,12,-1.03111583211157,-4.83629238442777,-2.78774640727005
8,12,-1.57488753831061,-5.6182118496558,-0.11511690990335
9,12,-2.04497973101968,-5.17596339404301,1.74206850236494
10,12,0.380161708435135,-3.59313261041625,3.00824355042398
11,12,0.166627921341206,-3.45616529855111,2.62454188290137
12,12,-0.884710111605488,-3.33887938473123,2.30066069690916
13,12,0.313524880662451,-2.81192783105985,0.174066816210398
14,12,-0.286727851519788,-2.40845401135181,0.128267296600238
15,12,-0.443660389145185,-2.36480552980577,-0.48585612685684
16,12,0.108683193843237,-2.16881924287908,-0.423359451371856
17,12,-0.770973775674486,-2.66544087087671,-0.49890899634953
18,12,-0.841168099949489,-3.11137373476336,-0.758250016968601
19,12,-0.72526902045563,-2.91622090738,-0.329309034688925
20,12,-1.34431234047802,-2.28112370849936,-0.457875167721817
21,12,0.795789284717081,-3.98709140649881,-1.13092255793562
22,12,-0.152124301953003,-3.48182974840825,-1.26430038119839
23,12,-2.00111795302898,-2.83654622407875,-0.100633044391416
24,12,-0.668810832082454,-4.61266995246956,-1.20423173132945
25,12,-0.117138450302182,-4.53041844454444,-1.75693595240546
26,12,-2.76385155475757,-3.9756234956642,-1.40071884218312
27,12,-2.24120397141063,-3.67141891513903,-0.272304281547346
28,12,0.773643308019166,-4.22383416238458,-1.37571449617564
29,12,2.62070548485217,-4.68109426187594,-4.46896056647939
30,12,2.45520950622725,-6.11805076948182,-5.6278714745127
31,12,4.62013261495892,-6.77449142495579,-7.85756441852918
32,12,2.19327836752386,-8.35493981422749,-11.7855584980084
33,12,6.65556879025395,-7.40989718657553,-9.559575693458
1,13,-2.81816042303569,-5.10086581876914,-5.27446746566036
2,13,-1.47384565356626,-5.01692644095593,-5.0757758968784
3,13,0.562580331404741,-4.55197050516805,-4.76214704994819
4,13,0.374591297808268,-4.42384743315233,-5.78341020635547
5,13,0.491894383054162,-4.31273680034163,-6.31104523248301
6,13,-0.144469657446885,-3.33152978050339,-5.26281977209288
7,13,-0.35053650640338,-3.46595194891526,-3.6834357198717
8,13,0.0691673425302097,-3.61498269388092,-3.35707111429688
9,13,0.793873442221938,-3.05595460753411,-1.3611402278688
10,13,-0.387784553403157,-2.85566991147101,-1.87874576572738
11,13,-0.896262411704804,-2.70369514179045,0.252845601413191
12,13,-1.51885126130096,-2.53328426067883,0.0625780684977221
13,13,-1.69602481621114,-2.03057060081596,-1.71103345192552
14,13,-1.61509690923685,-2.25507615203025,-0.866430714291516
15,13,-1.5915607130992,-2.40099505092523,-1.16863440303448
16,13,-1.10521724030801,-1.9999939838831,-1.14855733657564
17,13,-1.77113120970947,-2.78300864471274,-0.476130792463131
18,13,-1.48266111593596,-3.01339902977646,-1.2733383751054
19,13,-0.630751749866904,-3.02433992788745,-0.18380371996215
20,13,-1.53807367465047,-2.13068341735184,-0.216332590389601
21,13,0.460565627316894,-3.48451398380577,-0.653041045151377
22,13,-1.27966401267914,-3.03692398196284,-1.65345962352762
23,13,-1.27652480587585,-2.71250529636187,-0.0331139013164906
24,13,2.08152997519203,-3.59126794694358,-0.940846171874046
25,13,0.386399737990963,-4.25489842914358,-0.56803329446439
26,13,-2.23515499864831,-3.57047142597171,-0.259754043778171
27,13,-1.36852171916841,-3.04780574766144,0.439342052998975
28,13,0.396477122325931,-3.17493303373492,-0.656198134008326
29,13,1.22376867651884,-3.65519628065626,-4.24357452237296
30,13,2.36159873125347,-4.99896292187501,-4.93646648791567
31,13,3.67692132174909,-5.3566875468024,-6.9121952232115
32,13,0.535230336006198,-7.14371401067946,-11.9292553840572
33,13,4.6461435372121,-7.31012689789057,-8.17515308290485
1,14,-0.316009866123783,-4.18455191762392,-3.3262585795477
2,14,1.02760952737276,-3.94298412571704,-2.95621640334889
3,14,0.716350577540222,-3.43323886255043,-2.31866762251658
4,14,0.698078681947291,-3.73949581757717,-3.20238304224971
5,14,-0.419996828912411,-4.53375173134896,-4.48315281161062
6,14,-1.70024337772736,-3.62440164019653,-2.70287126983124
7,14,-0.480105833880469,-3.12329051180025,-2.31202547262994
8,14,1.1349708898176,-3.39205229612807,-3.25956357115513
9,14,1.07575299386979,-2.54708891002326,-2.11369253451547
10,14,-0.714873240119991,-2.07416173272377,-0.0192967832862867
11,14,-2.40841819941677,-2.81287580981608,0.595813265531788
12,14,-3.05367746159949,-2.51989071080225,-0.0179482852845567
13,14,-3.75141799096022,-2.28214681893585,-0.787300731464151
14,14,-2.98612674906753,-2.04704271331606,-0.30637329923707
15,14,-3.36828289582968,-2.11844222671955,-0.349595274473267
16,14,-1.93165979895377,-2.08768674913443,-0.00728374034090029
17,14,-2.03384014146462,-2.75302485488426,-0.36337485531547
18,14,-2.25585166443583,-2.87181722123367,-0.244869596425628
19,14,-1.52223715844255,-2.95044152702763,0.113366790427383
20,14,0.177608292063783,-2.73008924009192,-0.0623771808744823
21,14,0.1076359697035,-3.16734354019163,-1.28705615893847
22,14,-1.16936803750626,-2.87972396255646,-1.60068943763899
23,14,-0.626775396565326,-2.58076136979431,-0.39572726802127
24,14,0.921025624888692,-3.92926601688382,-0.953548484826976
25,14,0.658313669110366,-4.18898409263066,0.377805702923471
26,14,-1.74501233612355,-3.04393535827728,-0.822152905237486
27,14,-0.820236309353243,-2.49572484971129,0.305927596550817
28,14,-1.16693146152299,-3.26476429123056,-1.1657663406225
29,14,0.978485481720608,-3.0785117057747,-3.06679021231087
30,14,1.98249663400328,-4.04763980926092,-4.55821510029717
31,14,2.47021150652582,-5.03361971652354,-6.95017458108431
32,14,-0.527180584971097,-6.90692684574399,-11.4026539611181
33,14,3.16896866854683,-6.80450951584068,-8.15144775976351
1,15,0.271898348206492,-4.09877157318978,-3.64627631895552
2,15,0.817856320174782,-4.16318093849383,-3.6537700414169
3,15,2.50980328767425,-4.73623391681114,-5.55377896366515
4,15,1.89908434024584,-4.6567343632839,-6.03231947982333
5,15,1.67668100653196,-4.41753205610535,-5.37295512062791
6,15,1.37839627467808,-3.83803447828189,-4.98383468168541
7,15,1.00669339600926,-3.50253981149698,-3.80076628033312
8,15,1.24217029273799,-3.76857006172644,-3.07165842287094
9,15,1.23845290652065,-2.5335819548131,-0.721552778504517
10,15,-0.491472620008386,-2.03892535851066,-0.0575537672129631
11,15,-0.531830657711128,-2.02845982126715,1.19079526636543
12,15,-1.20099831760698,-1.35367985319391,1.70149773200289
13,15,-2.14940245535866,-0.633163441286879,0.113839362391041
14,15,-2.49760569781468,-1.17691148549851,0.972159144117104
15,15,-2.90429859093179,-1.42446885851339,0.749744402520928
16,15,-0.934067888342114,-1.76454183213561,-0.140307055287869
17,15,-1.73388720326294,-2.33579409526612,-1.02338962076377
18,15,-2.15810329144853,-2.55885223918344,-0.745931120725965
19,15,-1.09368639219335,-2.3243302291927,-1.29455866211763
20,15,-0.0156776935817664,-2.55985359067708,-1.24499930770841
21,15,-0.76394256236867,-3.07903824380894,-2.15163079396998
22,15,-0.384247756900804,-3.04084477366711,-2.55532556610504
23,15,-1.39873798432286,-2.44571231476098,-1.96928577107859
24,15,-0.28490919119117,-4.0056206884817,-2.39151511242012
25,15,1.15064347621179,-3.79410358176406,-2.49650422261033
26,15,-0.593501048790099,-2.46810897825364,-2.85113520708119
27,15,-1.05556815909591,-2.32794135719282,-2.09250175530522
28,15,0.270503976476114,-2.4727490687096,-2.28116357610497
29,15,0.926052617535615,-2.9864471927494,-3.78628866440003
30,15,1.46900886147654,-3.78590297459509,-5.52895995899612
31,15,1.88634326016424,-4.60185234098723,-7.7727639131488
32,15,2.52762448279192,-5.45979792075612,-9.04558246643607
33,15,2.13212590499226,-6.41551900869179,-8.00487498428305
1,16,-0.0749395498897201,-3.89535533659273,-3.60493694868544
2,16,2.63983507705791,-5.62803414524,-5.79978542632126
3,16,1.67543600743098,-4.88609782711132,-4.83752632283178
4,16,-1.07781700481464,-6.17919015555232,-6.44369738541242
5,16,-1.3050041130437,-6.17712948113276,-7.52983062469715
6,16,0.307729944624265,-4.46371762900121,-5.37164431821752
7,16,0.0546094076372167,-3.7020802379617,-3.62404724083629
8,16,1.02250520173654,-3.92191283266711,-3.13480417753974
9,16,-0.0165744568025604,-2.95598492117182,-0.80635273293756
10,16,-2.16503485877796,-1.9725977895976,-0.203931172648655
11,16,-0.992509018969606,-1.99239600738396,1.21365308787256
12,16,-2.2079211730515,-1.37814945988841,2.42304528609988
13,16,-3.78792247178264,-0.959669490821122,1.07902324212061
14,16,-3.99292843071038,-1.29399562410492,1.69270189546282
15,16,-3.34186163163026,-1.64704552704225,0.704091023780248
16,16,-1.90724928948145,-2.25318096501713,-0.34059633053141
17,16,-2.26128229361733,-2.91495932123921,-0.398978936943608
18,16,-2.38886619846383,-2.84187155064982,-0.549203165971481
19,16,-1.56984440820002,-2.73000504844732,-0.665197314543592
20,16,-0.592372289511976,-3.02416979114623,0.157823531955823
21,16,-0.674663388470182,-3.10363214911067,-1.10714514662969
22,16,-1.82991587685025,-2.74140654674922,-1.67763638185431
23,16,-1.92160783244811,-2.42754313495023,-1.23953812401602
24,16,2.60086553571023,-5.04806270348364,-1.4081060378912
25,16,1.27232764627516,-4.10878016849423,-1.7769814502722
26,16,-0.934331470962408,-2.2359677177814,-1.71801012465252
27,16,-1.00538004966214,-1.92837849647152,-1.06809830649641
28,16,0.111702256821527,-2.08749294537099,-1.54860465038742
29,16,0.368861294609535,-2.24383481240641,-2.22036455969748
30,16,0.62670735509701,-3.70547983308991,-4.49565332569968
31,16,2.24245444917989,-3.99773386938268,-5.95174525431236
32,16,1.3681812388565,-5.50622542529869,-6.23965790542648
33,16,1.94962003158149,-6.39702669097697,-7.6132614795575
1,17,0.697129254422368,-2.60782126388147,-2.27932612504844
2,17,3.63990247509347,-4.70143186625793,-5.12766958719228
3,17,2.29611252459461,-3.9230662981704,-3.72266353237878
4,17,0.4981940501945,-5.17194275658393,-5.46339164884204
5,17,0.497553762478645,-5.25264705667318,-6.13779430947371
6,17,-0.0144192140403737,-4.37649663065139,-5.60857453720764
7,17,0.624708458687324,-3.08896888353719,-3.21327349036754
8,17,0.920657950304906,-2.90140026127765,-3.23812815685974
9,17,0.314863569679816,-1.73105439566429,-1.19984545276215
10,17,-2.31446041719884,-1.37390738521535,-0.822135832177451
11,17,-2.14845064548314,-1.46332873536797,0.466072755755647
12,17,-3.4014199144735,-1.49251318246185,0.881874004336406
13,17,-4.79821055844766,-1.46587872957226,-0.344177184600872
14,17,-4.26240985545791,-1.52768710511107,0.0234682198634254
15,17,-4.42497686986566,-1.82230335998943,-0.674293449441406
16,17,-3.63465544126186,-2.24991414094825,-2.07664026162814
17,17,-3.58987768938429,-2.481689249231,-2.26940362289373
18,17,-3.8163435894191,-2.73900356985626,-1.46356994655178
19,17,-3.17945661927275,-2.65364901218145,-1.53874666036611
20,17,-1.92604251803293,-2.26545823963238,-1.35848831472488
21,17,-2.21182325563501,-2.59794021265138,-1.82271857652223
22,17,-1.84386804520716,-2.80044657733413,-2.77599808748577
23,17,0.48950088190151,-3.08294800694554,-2.23456298438543
24,17,1.96689250928048,-4.27371545679876,-1.53972993541003
25,17,4.09398251654467,-4.59252512122054,-1.40267719187409
26,17,3.08124750493722,-3.16219636835237,-2.20591618019192
27,17,2.95463377694076,-3.04727635690172,-0.778227337867335
28,17,3.56157012807637,-3.40855930838565,-1.06624696814163
29,17,3.80036315380681,-3.5319343922555,-2.06179738354326
30,17,1.35352772391099,-3.45879135887486,-4.39053961801691
31,17,5.91735451845118,-5.58747164248957,-6.94844355711738
32,17,4.12080102458333,-7.06906946555762,-9.6996474902271
33,17,1.78425993485974,-5.89741705842259,-8.68776049510241
1,18,0.907130981548157,-2.81720928471636,-3.26754986547226
2,18,2.89236310282954,-4.22930677571884,-5.19062589438576
3,18,0.0638863811174556,-5.78760733379085,-7.13210240730473
4,18,-0.250022054321873,-5.57094056309627,-7.22832759035175
5,18,-0.45110185577926,-5.7996260259841,-7.53024402330475
6,18,-0.406552508855338,-5.57869282214413,-7.15381145817808
7,18,1.92750794319341,-3.71715876345687,-5.2582598508044
8,18,2.36328071512921,-2.89286028863392,-2.67525892000301
9,18,0.512792705708757,-2.39771477923817,-3.0000555256462
10,18,-1.36327626655939,-1.75837075456838,-2.03995973209683
11,18,-0.239632248032087,-2.2946766204909,1.65628103516711
12,18,0.193315809657174,-1.52086411655164,1.99924680032721
13,18,-1.54562305355869,-1.5200939805576,-0.267497108451995
14,18,-1.85767600312535,-1.34756073583621,0.645661693896911
15,18,-2.34938515781464,-1.26239111696015,-0.941983377350133
16,18,-2.15056513087675,-1.74756479976207,-2.17399848718963
17,18,-2.00581632627273,-1.60937502575098,-2.68917141419834
18,18,-2.07724981310176,-1.47726128369977,-2.39767198502436
19,18,-1.74265502847197,-1.70568791222675,-2.41642125316389
20,18,-0.964561630047359,-1.48197253933542,-1.5653556235223
21,18,-1.21695956619047,-1.97355939077949,-1.89595679089134
22,18,-1.33189507303192,-1.96102670717814,-3.14977527335859
23,18,-0.747882539855007,-1.99945381158047,-2.38255377232816
24,18,1.82579792786953,-3.14741702420409,-1.68208514395251
25,18,1.56031306579539,-1.9623867158289,-1.659532174021
26,18,-0.729611001692439,-1.37412486273562,-2.09451995761456
27,18,-1.48300299759511,-1.32042096910626,-1.42266452070836
28,18,3.50373315537911,-2.84753532364496,-2.00725428722083
29,18,0.248394030866741,-2.0688260936077,-3.43435977623889
30,18,0.00441806578969792,-3.62751929655658,-4.46101898541093
31,18,5.03047766031856,-5.19507196292593,-8.12684151600241
32,18,0.288080114080048,-5.45907294135063,-7.50772684895057
33,18,0.73246486578414,-5.83510701160828,-8.66796745757736
1,19,-1.32450415518469,-4.10915026915671,-5.20019115945826
2,19,0.116103208394722,-5.35970356583924,-5.76506526198543
3,19,0.203327361534776,-5.4446071706061,-6.50330049243222
4,19,1.48700093745613,-5.57008395335227,-7.24777426801776
5,19,1.47453037536178,-5.17585265126412,-8.36690399165383
6,19,1.22149152530635,-4.83717630173901,-7.54543396493272
7,19,2.61677933068532,-3.82451002060477,-5.85841918007227
8,19,3.28796043437339,-3.29879903512768,-5.42747596085024
9,19,1.56827169283613,-1.82292672573502,-3.06199485743963
10,19,-0.950280365918182,-1.13494086052003,-3.34085523894847
11,19,-1.20011913304777,-2.4639168763051,-1.12549274414843
12,19,-0.158713792180795,-0.856470500505147,-0.185802553883666
13,19,-1.14399250860746,-1.37063657235912,-2.19466012455518
14,19,-1.64265006550851,-0.990114724735013,-1.30984667993966
15,19,-1.68353284332603,-1.31963537840503,-1.51674091512306
16,19,-1.83036944006056,-1.63074343129209,-2.99671909925565
17,19,-1.72006532623007,-1.37698857674133,-2.60233100382994
18,19,-1.25578431960961,-1.1511378102962,-2.03273656197564
19,19,-1.60233026460702,-1.30550796500524,-2.50851839598736
20,19,-0.28894783806393,-0.679057247158687,-2.39575864679943
21,19,-0.534356368692486,-0.494137846005205,-1.37497776788848
22,19,-0.693440347671221,-0.928981185560951,-3.18345524488004
23,19,-0.0671110642899935,-0.913855381787725,-1.85213660475405
24,19,-0.0312136454359785,-1.14740457229009,-2.25019342614055
25,19,0.919387344517598,-1.54708409769624,-0.968558784167378
26,19,-1.83403926106377,-1.64395583580925,-2.42945783143524
27,19,-1.76995070481961,-1.43889230077421,-2.32580530119545
28,19,-1.0285298282713,-1.50878233963201,-2.71355330190131
29,19,-1.27905628188712,-2.12983219649231,-3.20379011162704
30,19,-2.25483463383483,-3.90508711770329,-5.40397280849141
31,19,-1.0912860062442,-4.55861035284809,-7.95030034179785
32,19,-2.1983712526716,-5.27978519903384,-7.77464997388162
33,19,-3.06279183683058,-6.35333398881154,-11.0641133660875
1,20,-1.98952275756225,-4.3799878372193,-3.43281595549407
2,20,0.806564537675466,-2.23455643309131,-0.625472227348386
3,20,0.352646043712663,-5.07888162795534,-5.06649880028012
4,20,-2.29574695210963,-7.27740989157714,-7.26631010109175
5,20,1.28115206921338,-5.34786981062728,-6.28731718908996
6,20,-3.23146835476906,-6.52637673173857,-6.49279824795398
7,20,2.43661646488658,-3.47386045383644,-5.19985395900576
8,20,1.07375111100845,-3.70971862807239,-4.81748309623716
9,20,-0.0305566989876933,-2.10965473828386,-2.89238246985218
10,20,-2.06296667040714,-1.52462671280141,-4.19317919350348
11,20,-1.5208110519263,-1.62128230419368,-1.89619294133485
12,20,-1.20815057455504,-0.637111479802454,-0.725663010370505
13,20,-1.49241935578742,-1.552190906469,-2.85083767996118
14,20,-3.03180309300918,-1.92325258193128,-3.26434816553165
15,20,-2.47566140065588,-1.74239687624154,-2.35259034522169
16,20,-1.68069030415513,-1.84587526052293,-2.49945444330128
17,20,-2.35375550475871,-2.01093195451185,-3.14366244412625
18,20,-1.61307069602135,-1.68925211268079,-2.87390625020236
19,20,-0.874021728274248,-1.19617723871394,-2.68392075422826
20,20,-0.331097902225464,-1.06401735349985,-2.27879799391266
21,20,0.703162806600974,-0.516518843534183,-3.3819775119902
22,20,1.58930496305134,-1.43715120986313,-3.16860017426052
23,20,1.92588765285682,-0.920860566831827,-1.32840679907753
24,20,2.4050950723247,-1.41775359160667,-1.16310068791683
25,20,2.38233278936215,-1.14071574822517,0.588848598925036
26,20,0.307043733248618,-1.49045318209447,-1.08821736569177
27,20,0.829532402526374,-0.89471156526296,0.87217431181302
28,20,-0.0479566277341749,-0.748696915719206,-0.393774510192765
29,20,-1.49070340201808,-0.796750977274788,-0.443255247167341
30,20,-0.890734163752673,-2.75886900319655,-2.14061417962407
31,20,-0.0859603274429447,-2.94718793826444,-4.17078572509111
32,20,-3.58341823850656,-5.37300602963918,-8.46778512145987
33,20,-2.07732627588384,-5.55696256698128,-8.24269787249796
1,21,-5.41811825090691,-6.08385433772211,-5.35225394369457
2,21,-3.69437245208256,-7.99793632616695,-7.08441777770125
3,21,-3.35753648558247,-7.72246763186793,-7.13365356135443
4,21,-5.7054199498951,-6.25808179681958,-5.07629728119364
5,21,-0.379781270929279,-6.12893100837726,-6.8313599547011
6,21,0.212261404906569,-5.96133792964732,-6.54424731384876
7,21,2.06117209727838,-3.86545911792241,-6.14506050774169
8,21,0.657785878200092,-4.0111749021202,-4.64992635632546
9,21,-0.136321567434663,-2.58524858036549,-3.23320828561729
10,21,-1.07004160901001,-1.77090114654278,-2.46676170801325
11,21,-0.00465277634642279,-1.93826963411801,-1.31339735448119
12,21,0.515624450507586,-0.981982538875614,-0.264750995952861
13,21,0.452545331097815,-1.80104194296437,-2.80174368829557
14,21,-1.05119710619738,-2.3931218681429,-2.38323804981048
15,21,-1.04909405288333,-2.44983395939638,-1.08269655999275
16,21,0.960400152003076,-1.98181279441818,-2.64830158625532
17,21,-0.379324106216153,-2.07849568067585,-2.55927617555375
18,21,-0.181784978539971,-1.83268412163663,-2.34483984466364
19,21,1.21420046122043,-0.788044616556217,-3.39150893950649
20,21,0.85497592882684,-1.18454973626519,-2.17549219662655
21,21,0.638418639058325,-1.17073081373244,-3.82283554538546
22,21,1.31361235985027,-0.636932295730281,-5.29255018378265
23,21,1.01784400616598,-0.740725964695046,-3.2933590366096
24,21,-1.52138816142404,0.207825114771731,-1.80370994926772
25,21,0.230058137252989,-0.757480293780869,-0.949169156753224
26,21,-2.93832514158647,-1.05101555459721,-2.91157690737683
27,21,-1.81580012683651,-1.71824738866054,-1.84685679105938
28,21,-2.41711466205682,-0.76870613258006,-1.87620515159049
29,21,-3.5825199372673,-1.98645387739148,-3.16860641226934
30,21,-3.02826203016548,-2.24341137006628,-2.49783413757129
31,21,-2.24801564734801,-3.28155687633647,-6.27090340206884
32,21,-3.69742274921975,-4.451176361458,-6.14365451059865
33,21,-2.98652666143525,-5.02204395875113,-7.16182481019297
1,22,-4.51046340951995,-6.26187291353503,-3.80976727423559
2,22,-5.27871750082311,-6.53721588065584,-3.43271421350256
3,22,-1.5256357366933,-8.2282023605322,-5.90431194907542
4,22,-1.25954763589402,-8.28780316566107,-6.68057615246202
5,22,2.15344900289748,-6.90456479997476,-6.50956893333101
6,22,1.78130829273407,-6.20021249931425,-5.25434881136818
7,22,4.09774620639821,-4.70751774566941,-5.82860772033829
8,22,-0.563834509320786,-3.10196041385137,-3.01128325967823
9,22,0.486983470554477,-2.84274171369162,-2.27171508734068
10,22,-0.490263071223477,-2.27329374225671,-2.19868734479632
11,22,-1.63146189410889,-2.73457633496793,-1.41711649422774
12,22,0.375619311959941,-1.01267402423978,-0.310592507704888
13,22,0.260461989366554,-1.88814571305703,-2.24397854270929
14,22,0.536519289298756,-1.4510203729667,-1.96195391803497
15,22,0.412311960166718,-1.45556282422541,-1.22053497677447
16,22,1.32916581543005,-1.59235730602799,-2.39285287693581
17,22,1.67778050397936,-1.27061087655138,-2.65660889697849
18,22,2.17260406314901,-1.00080684604165,-1.33511517211812
19,22,3.08863695363799,-2.07217569127737,-1.78474995053569
20,22,2.29249914026466,-1.24591158541721,-2.59192510939076
21,22,1.44991946457969,-0.698183212944262,-3.08202624957741
22,22,-2.20431526864014,-2.99844754527087,-3.84215273827417
23,22,1.09948708010116,-0.865136965786816,-3.63293732533541
24,22,0.366297675495317,-1.25188491717,-1.82694594750118
25,22,-1.55869288839087,-0.523702563268027,-1.51104805336791
26,22,-2.29374776609412,-1.8109675224823,-2.07282478700041
27,22,-2.31174619242704,-1.751960691814,-2.00607253397741
28,22,-2.02050625490448,-1.48351789215561,-1.49148215454781
29,22,-2.96036391748447,-1.56658607600313,-1.6093625850713
30,22,-3.01244586897997,-2.2535355254426,-1.64745944264206
31,22,-2.60836807208313,-1.92428297140428,-2.84128101395726
32,22,-2.91761025733874,-3.16397483080529,-1.89673236399948
33,22,-3.33220976486755,-3.3551436060346,-4.05023382647233
1,23,-3.541905976165,-6.14995197951187,-2.87824116353296
2,23,-1.30651358596868,-4.72776097977746,-0.38672477062808
3,23,0.091623046847027,-7.8191786324438,-5.28488108105759
4,23,2.50185296312359,-6.99933828052747,-5.68439446019838
5,23,3.57315766002587,-6.93524597675382,-5.30843899926232
6,23,4.11820407082786,-6.57351301206976,-5.41854139971771
7,23,3.90023951104995,-6.17150192862644,-6.95508235819067
8,23,5.48145115877677,-5.05080347082265,-4.47846222468988
9,23,1.61761878753697,-2.66032556706875,-1.54057712946672
10,23,-1.20415054687382,-2.13483418535549,-3.69818594510132
11,23,-0.957862591806205,-2.03475095355508,-3.3674749847765
12,23,0.087740297744972,-0.673201187398735,-2.64714877996032
13,23,-0.00209157519627904,-1.23888892094048,-4.15177017035968
14,23,0.886021707134568,-0.680561188623785,-3.76928656752456
15,23,0.28991084754124,-0.950205363369465,-2.90808955672026
16,23,1.23485101974744,-0.973055563106969,-3.99126928309338
17,23,1.42950075443852,-0.603382037317756,-4.44819093118545
18,23,1.61915900313102,-0.785042203866981,-2.99528692016006
19,23,2.29266235620366,-0.914653778243148,-3.57906243201369
20,23,1.98975644936911,-0.962378636475242,-3.89757244610041
21,23,0.47993621257844,-0.3370515702854,-4.17965395518098
22,23,1.17542369935945,0.0165413770498344,-3.6874733761284
23,23,0.625770757311656,-0.336300646333392,-2.24015505586206
24,23,-0.496460100578803,-0.936507616915932,-0.781515705075994
25,23,-0.91315610693045,-0.352615958632755,0.202977788331271
26,23,-3.01124329391076,-1.76208165284606,-2.20129728324814
27,23,-2.8746445334918,-1.65100776923801,-1.44146296992093
28,23,-1.88370140093912,-0.793759093865076,-0.0292003816086909
29,23,-2.46970772992001,-0.99714283949592,0.502663093134902
30,23,-3.31612208654372,-2.01596736509529,-1.16384204875615
31,23,-3.1858961225516,-1.66751954865864,-1.42417584482381
32,23,0.4353392542455,-4.31583892768576,-3.52606693097218
33,23,-3.91776774660976,-3.64050888008376,-3.52694804825562
1,24,-1.31815728552441,-5.09630319316295,-4.9069555970533
2,24,-0.999679600138396,-4.79410908021819,-1.76520718256007
3,24,-2.44165355606402,-5.31101250338964,-4.66174699048478
4,24,-3.52293348417441,-5.743253070439,-5.60332186526839
5,24,3.74913004826659,-6.79309764775653,-6.35033588485892
6,24,4.32724216468365,-6.663996721104,-5.85830703587922
7,24,1.43564070551626,-3.44072185362729,-3.31750357290853
8,24,4.72922721368372,-5.28165981508019,-4.87354595507801
9,24,3.01944073082105,-3.47098762937397,-1.02899086249259
10,24,-1.42382015058513,-2.14586008110291,-2.41479380574143
11,24,-0.793696747290538,-2.3574228265944,-3.53237662487152
12,24,0.0735402979940839,-1.490192272771,-1.96950973303627
13,24,-0.278445193533757,-2.10453612399727,-3.35090633131052
14,24,0.4191779270563,-2.02669183808058,-2.6864865551617
15,24,0.48654670665172,-2.14039711735076,-1.78979445106293
16,24,1.08266240453585,-1.82814586698697,-3.41747436869118
17,24,1.46096018078401,-1.61666323724047,-3.42507445169805
18,24,1.51866701783969,-1.54884297713248,-2.19666796643266
19,24,3.36037835861217,-1.60390971277289,-2.69083008622874
20,24,2.24499880842343,-1.63510496081668,-3.18247379714266
21,24,1.24751630226838,-0.886215329086077,-3.41935657319182
22,24,2.2876936389931,-0.717895343279533,-2.73608304465424
23,24,1.28629475275114,-0.900432054743924,-2.74663095096383
24,24,0.309146705542185,-1.56798236594422,-0.57014349810372
25,24,-0.0246589520134349,-1.36087789889667,-0.31849408122015
26,24,-3.60054625441584,-1.70833247948072,-1.83472247291036
27,24,-3.27985418683494,-1.43127986340562,-0.789819601945174
28,24,-2.85266659064493,-1.94218356527193,-2.00601612337602
29,24,-4.25172956381513,-2.45182136433375,-2.10775435784736
30,24,-4.1947353466972,-2.27715522682772,-1.08399650422166
31,24,-4.55339253823301,-2.51524851169665,-2.00774440490465
32,24,-3.8584814994339,-3.3095622852092,-2.71058212113346
33,24,-5.28682218279782,-3.39793790743664,-2.05400644289006
1,25,-2.4774379441527,-6.13504714740544,-4.94504325353713
2,25,-1.79825211049395,-6.05726715627785,-4.19747426691917
3,25,-2.63390423103076,-6.36519320955961,-4.5970047723785
4,25,-3.33665512297566,-6.77844689774223,-5.38290983675819
5,25,3.0128721651518,-8.90720626711527,-7.62737493942518
6,25,2.66134450093599,-8.66060058616591,-6.90615023702307
7,25,-0.0429796515055618,-4.79451138145085,-4.50068707969908
8,25,1.69427252140916,-3.72247277808246,-1.56931542672826
9,25,1.76178408088211,-2.61967427908761,0.190054464488357
10,25,-0.446047231840119,-2.6302654738119,-0.89975156157836
11,25,-1.44588027147426,-2.74555962201421,-2.55997232311345
12,25,-0.0274613706038878,-1.3036167620758,-1.97998316491505
13,25,1.41458944514165,-2.62807885249264,-2.34584346908322
14,25,-0.176663415636779,-1.94071467085305,-2.93157456544742
15,25,0.258706999371306,-1.70716375680056,-2.09738862931143
16,25,0.349312156465203,-1.75174173631286,-3.65891408313418
17,25,1.24891681376586,-1.7531891995133,-3.49169233654572
18,25,1.88100189324703,-1.71865599992504,-2.15971143903888
19,25,3.91474404741069,-2.63898081002952,-2.69979807644219
20,25,2.17331459603549,-1.89917634458524,-3.25736727618742
21,25,1.7556987878941,-1.21326462569713,-3.07374221741332
22,25,2.63560662630487,-2.67184908126161,-1.46195521465367
23,25,1.58188838383214,-1.9041013677627,-1.58674555244963
24,25,2.26278288315323,-3.04877407624443,1.53693672218286
25,25,0.642638991541504,-3.12301277676448,2.32495847420725
26,25,-0.817577635984354,-2.94808000509407,0.589571856601825
27,25,-2.39580506936392,-1.98953671713009,1.17398077945127
28,25,-2.19945388245555,-2.76665626232227,1.57840275362326
29,25,-3.66060093390819,-2.95332217287592,0.647508396747093
30,25,-4.33661308897768,-2.62829909888439,0.187853669610621
31,25,-3.30912461062779,-2.56125994601871,-1.61896881827186
32,25,-2.58797371877551,-3.71721952701289,-1.85146483479082
33,25,-4.98337473921241,-3.15536555693204,-1.36764917672104
1,26,-1.83442053552875,-6.75461826286986,-3.15392840982714
2,26,-1.16645820961532,-6.36898291366494,-2.74686718820123
3,26,-1.05400376755809,-6.36072097475811,-2.80913194937675
4,26,-1.50638394030908,-6.80266576467762,-3.5564616869658
5,26,0.817036590783335,-5.701068110623,-2.42561381525537
6,26,1.13876108426948,-5.42113029029288,-2.01622296647189
7,26,4.01743221671293,-4.17342122052188,-2.43313124994661
8,26,3.42378008833886,-4.01041627195408,-1.83524676705627
9,26,3.66938718096379,-3.08039285784255,0.825883543829051
10,26,1.01420422742325,-2.43344275752712,-0.431816303219262
11,26,1.231552670106,-1.93537483504874,-1.74266894281486
12,26,1.70585194311838,-1.64911236203418,-1.13174406774603
13,26,0.0016025813853667,-1.85103122595439,-2.87840641929581
14,26,0.272840064925364,-1.93775551758764,-3.07439328684066
15,26,-0.532739929069868,-2.04880240456908,-2.19585447916248
16,26,-0.0920016746008593,-2.13778567803825,-3.15682131793915
17,26,0.600034094079361,-2.058365152855,-3.1903469035916
18,26,1.50582290554159,-2.09159351467221,-2.16097128204609
19,26,3.02942313861574,-2.91523582181278,-2.72376598702518
20,26,2.17288853584027,-2.28859660135552,-2.83028319371389
21,26,-0.25180207506738,-2.1783695539455,-4.11079900046344
22,26,3.0646868307227,-2.61130952638961,-2.30017424645022
23,26,1.73965350299054,-1.91649042462277,0.155416018067951
24,26,-0.258836857071533,-2.75494991160774,0.483012998661921
25,26,0.668945159800899,-2.73495484519185,2.47028664428325
26,26,-0.120478584289191,-2.70385349363332,0.80502743401825
27,26,-1.04766238808143,-2.71801273008956,2.23011076578887
28,26,-1.63765387004958,-2.49984246932416,2.42797484437264
29,26,-2.38347139577106,-2.09477850009193,1.72554336263213
30,26,-3.06692642427426,-2.6140301830827,0.871309930882013
31,26,-2.23779450327067,-2.15690049338749,-0.00153168336957311
32,26,-1.91013842272254,-2.8845715028422,-1.29745942489209
33,26,-3.50465262218502,-2.9419931920781,-1.99346826522445
1,27,-1.25759665060037,-6.15188013073956,-3.72646044502584
2,27,-0.330945183402244,-6.47741838326736,-1.83954423224097
3,27,-0.245575865074832,-6.70174359290221,-1.64417085604702
4,27,-0.453870836255928,-7.18916930352629,-2.00075475695533
5,27,1.56294991079931,-5.83599181981107,-2.09850289762522
6,27,1.07673933946769,-6.31084283113303,-2.1195133030841
7,27,2.73513424829412,-5.85390909002331,-2.88458503170444
8,27,3.31806177941754,-5.12377479694309,-1.03953683576405
9,27,1.98243030023988,-4.97283258083465,0.74698892269932
10,27,1.92998469171469,-3.55161510796037,1.10876398745673
11,27,1.72011002787888,-3.04926986490427,0.530885094870922
12,27,3.38373145636818,-3.24557573734245,-0.340843415485577
13,27,1.74447767826312,-2.21332606962146,-2.9881737881986
14,27,0.637796399098515,-2.77805876700299,-2.36380697549883
15,27,1.09239543711792,-2.82265674485729,-1.63680241415974
16,27,0.79696250334551,-2.62343968252256,-3.08433620882355
17,27,1.1913947326579,-2.73877294686966,-2.65762884491019
18,27,1.84798816392363,-2.75872388254488,-2.17128029506208
19,27,4.20093025270108,-3.60938512093422,-2.3914238426346
20,27,1.74166333067997,-2.60761442267199,-1.94311153909636
21,27,0.213601634738967,-2.7059408762753,-3.18891534928631
22,27,1.30491554966345,-2.07026541542208,-4.80846316503093
23,27,1.23558143245933,-2.1012019381107,0.60151985403483
24,27,0.788411785695414,-3.02806449724706,0.979706446496313
25,27,2.27469132325844,-2.55154595238357,1.78486418245272
26,27,-1.02858138441523,-2.37454404260757,0.695878773891138
27,27,-1.5700074387449,-2.46490540373555,1.33337358100976
28,27,-1.33190474947053,-2.49675561349004,0.817394105596378
29,27,-3.49468543460346,-2.63886038224396,-0.563688677968801
30,27,-3.97399932101371,-2.69833024334594,0.0736094170964934
31,27,-5.04521523184822,-2.72891873073245,-2.24207067876327
32,27,-4.3376253103792,-3.43168606586707,-2.2282598553531
33,27,-6.26065331795347,-3.55301147944074,-1.5541685785136
1,28,0.269559655682514,-6.89239723703313,-2.75043739464346
2,28,0.80771412419913,-6.89683071402498,-2.02092284294381
3,28,1.00426695069203,-6.87748854318891,-0.696469288215356
4,28,3.3383741582789,-7.12787846190204,0.842706976734809
5,28,3.80041646420356,-6.83492856836064,0.553746040375778
6,28,4.78313856930516,-6.48618313284835,0.393215706990204
7,28,6.27361929205655,-6.06282428827727,-1.342049758097
8,28,3.9135635004226,-6.01600592045576,-1.44772873815393
9,28,5.53149100822322,-5.19279100685663,2.44141799310821
10,28,4.12900758969892,-4.70982587583002,2.96649519426595
11,28,2.27964870301409,-4.44766877502382,2.89633074151878
12,28,1.91190030439026,-3.28196136552503,0.89699106446664
13,28,2.08955881705751,-3.28634899077072,-0.780395472484916
14,28,0.71334582261089,-3.33295852209472,-2.32163883267654
15,28,2.68693776478151,-4.24582343256212,-0.225673239998254
16,28,-0.112549244587709,-2.39706792315095,-2.82520052797336
17,28,2.0451336209738,-3.83200613327591,-1.49759897014714
18,28,2.16765354696907,-3.92870882671173,-0.466184708724916
19,28,6.77326841885529,-5.74853135396224,0.593339459156921
20,28,2.21630159415827,-3.69842612543989,-0.771333115765361
21,28,0.621575637414234,-3.44122183452223,0.49552216697207
22,28,0.903651186637222,-3.17981943837699,0.712861549892434
23,28,0.676610343571302,-2.9698721851439,1.20468759202715
24,28,-0.444053379611227,-3.27142609549034,1.46525188001653
25,28,-0.834911564956061,-3.43707520581063,1.31981490956007
26,28,-0.48578043169383,-2.71715820979942,1.1381694515628
27,28,-1.13837608451635,-2.44235504441344,0.576262898301933
28,28,-0.537046883137085,-2.94940344542798,1.69760653130375
29,28,-2.67823835772147,-2.5614406664929,-0.233235826690297
30,28,-1.87448670135305,-3.39126766086079,0.421978380917747
31,28,-3.89078874269774,-2.2769288305753,-2.81849815265223
32,28,-2.58828722070797,-3.57347471652832,-2.68819483009578
33,28,-0.772384324714512,-3.64930582724173,-0.337933029656272
1,29,-1.03332859566064,-6.86061916043951,-1.42817021289078
2,29,-0.277744881111235,-6.76169635327186,-0.843497089497334
3,29,0.889174069772221,-6.73265608651732,-0.484311561505288
4,29,3.14649971581469,-6.61337775408563,0.873375834065469
5,29,3.04681476094926,-6.7444875000627,-0.171354510951753
6,29,5.94050520570358,-5.51608040236095,0.992816932794622
7,29,7.77982142640772,-5.17307230731541,0.277251575317492
8,29,5.26975382095204,-5.31229010421471,-0.914278882791411
9,29,5.07115932129017,-4.91465494837756,1.59379656996647
10,29,3.9449606580173,-4.78407033060358,3.07065970309159
11,29,2.75259919306699,-4.4625082671931,2.80756129755473
12,29,2.54710914408379,-3.68446647287818,0.459771738913119
13,29,2.03254513855634,-3.49570981823336,-0.327006414639672
14,29,-0.102384656085581,-3.64769397716015,-1.82178558029058
15,29,2.12674575878381,-4.36774607191427,-0.625177874986475
16,29,0.193994035452645,-3.20728362560889,-1.1927837107751
17,29,1.45351933412803,-4.08030175403849,-1.05726455907236
18,29,1.52478855252229,-3.91186964636224,-1.6766455952544
19,29,2.90590155532606,-3.95254270468244,-0.678078851047108
20,29,1.02224712041923,-4.23640782655352,-1.36277726210463
21,29,-0.263369028305785,-3.65526138331393,-0.894237518357942
22,29,1.12103534245831,-3.38122371536388,-0.303571287922604
23,29,1.05635139302064,-3.40495332772402,0.273551248213597
24,29,-0.323634407187425,-3.05459817536691,0.453743590670995
25,29,0.648729800897605,-3.12391158593397,1.75013126250803
26,29,2.31298873015364,-1.6961652109932,1.7469047430306
27,29,-2.68298771914888,-1.91811277721322,1.89458435795698
28,29,-0.495940578902235,-1.61864244682497,0.972923000226072
29,29,-0.222704249681729,-0.750120088552867,-3.72476831776952
30,29,-2.33708275320484,-2.28806095534195,-3.58405716702699
31,29,-4.59123589879627,-0.731074456519272,-5.85981781559944
32,29,-3.18467100425372,-1.45872485158216,-3.54858768999884
33,29,2.08948523502898,-0.448914124966803,-15.822497124943
1,30,-0.756332219544696,-5.74541833783124,-1.42253963394322
2,30,0.176020272175779,-5.90813391810218,-0.927331556452399
3,30,1.51676889146236,-5.84535959284822,0.241134564655376
4,30,2.12947667178535,-6.63109208423335,1.08984554810823
5,30,3.53749363936402,-6.4144475359009,0.472607841354345
6,30,4.32448098071174,-5.86946845777497,-0.721639484901016
7,30,4.43747668851197,-6.28679923933471,0.107458575017178
8,30,4.69694279918323,-5.4596964173794,0.55649875701337
9,30,4.61679912680916,-5.84682924108018,3.53781045281326
10,30,4.65788183442407,-5.32149565130471,3.69116075129735
11,30,2.71648517463637,-5.53536192632659,5.05293087640789
12,30,2.89510433407089,-5.02951091653637,2.42455174886244
13,30,2.95508954691771,-4.78466313030751,1.79093036324581
14,30,0.93377535700237,-4.27026174968813,1.6016223864684
15,30,5.61031994879401,-6.50035567662129,2.93415502853127
16,30,1.17340590850743,-3.51399270107209,-0.73663944306386
17,30,3.58416842463697,-4.92360177863349,0.63818975230358
18,30,3.10599655052418,-4.55821887330749,-0.705100174989073
19,30,3.18287635702195,-3.85600251750345,-0.972207990984538
20,30,2.71818393470435,-3.54173372384015,-0.434392324739525
21,30,1.30149979451818,-3.51410025599833,0.181272855797769
22,30,1.0966247471613,-2.84038187457016,0.296678275907835
23,30,-0.509918506394999,-2.02720022832926,-0.618698913084228
24,30,-2.8488943074287,-1.92384787854253,-2.54276842311999
25,30,0.660661115570962,-1.52103206263671,-0.783531168357309
26,30,2.19774714349286,-1.42604630880782,1.73370566495662
27,30,-1.92010930436394,-2.68750935787223,0.840696595203748
28,30,-0.918989338079343,-1.82147930829964,0.608530346769999
29,30,0.609581466050739,-1.57144595516461,-0.0348485165877284
30,30,-4.23015306689152,-3.3994996368987,-6.44566030926685
31,30,-6.77159879534471,-1.7772677141796,-5.1346285357218
32,30,-16.7388963375508,-6.33316128391109,-11.0865764548104
33,30,-23.235036477697,-19.0831597743205,14.4518587702826
1,31,1.75407419753418,-4.71598232289925,-2.03718719626973
2,31,2.49397347235205,-4.82082278094466,-0.488259969508282
3,31,2.63193749991413,-5.85667781550279,-0.554991478849849
4,31,2.56629345591654,-7.16916970964983,1.11956270620873
5,31,4.3306346108738,-6.38610147874019,0.643267655249245
6,31,5.15584179430584,-5.2439091727908,-1.46494102826797
7,31,5.89473154984625,-5.9227105749354,-0.172756473788195
8,31,5.12455266870315,-5.57695125997106,-0.510105559433558
9,31,5.01596051856872,-4.93529679046339,2.20501004423816
10,31,4.11278285161528,-5.49660712719817,3.27443704309832
11,31,2.25723467191579,-5.71635000063065,4.54060722496687
12,31,6.95948793073958,-7.50830746880758,4.86645289267247
13,31,8.08073101009195,-7.77906822473157,5.97181271468202
14,31,5.69915383140096,-7.7046307550121,4.54976210642696
15,31,4.69059034183157,-7.27478924955826,4.05401482824893
16,31,5.65039167397123,-6.9071721442147,2.83961155656358
17,31,4.35058351767093,-5.88744612322875,1.2667837625899
18,31,3.5916384760434,-5.78598052259993,1.59946972011403
19,31,3.75439030521119,-4.97708380360325,0.707264025346812
20,31,2.97237612301352,-4.0689160282025,0.734302902749318
21,31,3.08387683151808,-4.95312184354066,3.65331914011987
22,31,4.14740535900239,-4.29295046755473,4.57391073236286
23,31,2.63461608731359,-4.4534057190479,2.67110677789205
24,31,1.91124595251172,-4.80602961155752,3.36293635273023
25,31,3.4751384608524,-4.23923012267871,6.31715286125295
26,31,4.82823602506298,-3.12585438534701,5.28508567789634
27,31,1.99981017545302,-4.43185572450306,4.89067096474311
28,31,5.38707335801927,-5.78441342035625,8.2880071985195
29,31,-0.81571738952871,-1.99049318115512,0.170302544165099
30,31,-2.06670094448212,-5.06222613423172,-1.29628798220363
31,31,-5.51097436266074,-2.5311460476169,-13.1670196294975
32,31,-13.9500701060316,-6.9684959073975,-10.6786167457705
33,31,0.780022494566982,-5.02900296271072,-12.9282468158781
1,32,0.487853623941859,-5.5591011019758,-1.05844565093516
2,32,2.08881759339376,-5.40247232548085,0.327569468201272
3,32,2.14582006454978,-6.34082473475349,0.125066909446008
4,32,3.81341166699192,-6.38944226614273,1.38848778718462
5,32,4.75874134770254,-6.16590874055906,2.23206160857335
6,32,4.71783085656335,-6.3675749295844,3.25055994497103
7,32,5.5896324714048,-6.77552219210816,3.04355156541
8,32,5.81108190070109,-5.7913251754612,1.32998776171162
9,32,5.0830934357763,-5.7153283071578,2.57804830761718
10,32,4.41649078526492,-5.52984125224606,3.22931765723593
11,32,3.15692719406144,-5.75386734511728,3.96843840300133
12,32,2.5999116136715,-5.19501371956347,2.18777893219179
13,32,2.60015736383331,-5.37302273113145,2.23515276634029
14,32,5.32659058090082,-7.76439238400532,4.79005609026686
15,32,5.07547501970236,-7.24669860885275,3.76931426283838
16,32,5.27519164123752,-7.44420703362938,3.6985708731453
17,32,4.07251992333609,-6.72692591377334,3.00043909273123
18,32,3.08436594050056,-5.73143273514498,1.77993404828288
19,32,2.75604370336999,-4.64578550231496,0.250447348277436
20,32,3.31150049672641,-4.33839600133229,1.6383704442998
21,32,0.665110134892239,-4.22665445058504,2.40851904746086
22,32,1.24891086131585,-4.7924709452776,1.88060752376727
23,32,0.560753404923605,-4.25946760996504,1.29121748399753
24,32,0.206644363401306,-4.04718969766214,0.2246822473092
25,32,-0.110077857586144,-4.18959752559185,2.46450685322549
26,32,2.02456848061844,-1.61967205757491,1.84751337809408
27,32,-3.35147786169767,-3.18523028581226,0.115962984441042
28,32,-1.613745436766,-1.86561990583345,0.680827482438051
29,32,-0.220495645664545,-1.31907423082532,-1.33059411940753
30,32,-3.29393752574115,-3.67215239135489,-4.06347310858099
31,32,-48.3184978694936,-18.98130665269,20.0471424617068
32,32,-64.7614607918463,-18.8965951529706,-17.3928028739644
33,32,-3.23507977146077,-2.4021109238405,-6.61731394463267
1,33,0.845905491734699,-5.56563646194129,-1.65926886376471
2,33,2.18692727058654,-6.21994822257849,1.10387429239706
3,33,2.90891078954929,-6.93177956031768,1.80467133395805
4,33,3.32641278708779,-6.9910299351902,3.66507685364625
5,33,4.40880835022349,-6.60030722470274,3.39166255510831
6,33,5.49593191811326,-6.00769986659929,2.90066598416798
7,33,5.50167090711331,-7.06701003269171,4.05790363105268
8,33,5.6049936488684,-6.18172046041861,3.13389032929699
9,33,6.28313214642333,-5.90110191429772,4.22296517695873
10,33,4.08781930191853,-6.62843433460587,5.22014620991933
11,33,2.9777050783355,-6.85151779310264,6.48583026014796
12,33,2.28449196444324,-6.41267280466182,5.05963161577488
13,33,2.21382200154168,-6.92277256375684,5.47974149657082
14,33,0.293026375116754,-6.33276617343371,5.5055306870868
15,33,0.0575168135187493,-5.88980439510296,4.3836551962729
16,33,0.272238542112012,-5.48334200457589,2.61331859354828
17,33,-0.219494521908167,-5.26986151505788,2.97863576551095
18,33,-0.00847121627524345,-4.31717614932983,1.48152459685969
19,33,1.98857837969306,-4.77443264322718,-0.00538508647837534
20,33,-1.65511057503895,-3.11914796801335,0.93512100716306
21,33,-1.34105582252466,-2.745026396689,-2.0079799611716
22,33,-0.596926574289396,-3.06937499152627,-1.72825344280982
23,33,1.22010846587365,-3.47758295457781,1.39410878198167
24,33,0.995247534347047,-3.43356965869145,-0.0714516551482865
25,33,2.93240690796509,-2.61645890722114,2.35473787377015
26,33,1.6008266366146,-1.39863101130935,3.03259758677015
27,33,-0.708342851381725,-2.68728840624419,0.740538586438101
28,33,-3.0040835091247,-4.24188858216253,3.18942476887397
29,33,-0.238079849610638,-3.20914599455017,3.16833204061593
30,33,-6.14041097326555,-4.61985313063158,-3.77412299564354
31,33,-49.8922464341508,-19.0616398443825,19.0629204736533
32,33,-17.5251825451428,-8.05461810914653,-5.57596686379917
33,33,3.77250759307661,-9.01560562925224,14.1250186728305
